<?xml version="1.0" encoding="UTF-8"?>
<?xml-model href="Gingersnap.rnc" type="application/relax-ng-compact-syntax"?>
<Cookies>
    <line>
        <Title>Gingersnaps</Title>
    </line>

    <line>
        <desc>These crunchy, spicy rounds with their cracked, sugary tops are equally at home
                dunked in tea, coffee, or milk,
            and frequently enjoyed during the November/December holiday season. But they're just as
            welcome on a mellow, golden, late-September afternoon, with a comfortable lounge chair
            and a large glass of fresh-squeezed
            lemonade.</desc>
    </line>
    <Overview for="Gingersnaps">
        <prep time="12" increments="Minutes">
            <line>Prep</line>
            <line>12 mins</line>
        </prep>
        <bake time="11" increments="Minutes">
            <line>Bake</line>
            <line>11 to 13 mins</line>
        </bake>
        <total time="23" increments="Minutes">
            <line>Total</line>
            <line>23 mins</line>
        </total>
        <yield tot="5" increments="Dozen">
            <line>Yield</line>
            <line>about 5 dozen cookies</line>
        </yield>
    </Overview>
    <ingr>
        <line>
            <Title>Gingersnaps</Title>
        </line>
        <line>Ingredients</line>

        <line>Cookies</line>

        <line><meas measure=".75">3/4 cup</meas> (138g) <ingredient what="Vegetable Shortening"
                >vegetable shortening</ingredient>*</line>
        <line><meas>1 cup</meas> (198g) <ingredient what="Granulated Sugar">granulated
                sugar</ingredient></line>
        <line>
            <meas measure=".5">1/2 teaspoon</meas>
            <ingredient what="Salt">salt</ingredient>
        </line>
        <line>
            <meas>2 teaspoons</meas>
            <ingredient what="Baking Soda">baking soda</ingredient>
        </line>
        <line>1 large <ingredient what="Egg">egg</ingredient></line>
        <line><meas measure=".666">1/3 cup</meas> (113g) <ingredient what="Molasses"
                >molasses</ingredient></line>
        <line><meas measure="2.666">2 1/3 cups</meas> (280g) King Arthur Unbleached <ingredient
                what="All-Purpose Flour">All-Purpose Flour</ingredient></line>
        <line>
            <meas>1 to 2 teaspoons</meas>
            <ingredient what="Ginger">ginger</ingredient>
        </line>
        <line>
            <meas measure=".5">1/2 teaspoon</meas>
            <ingredient what="Cloves">cloves</ingredient>
        </line>
        <line>
            <meas>1 teaspoon</meas>
            <ingredient what="Cinnamon">cinnamon</ingredient>
        </line>

        <line>
            <optional>*Can you substitute butter for the vegetable shortening? Yes; but the cookies
                will be soft, not crisp.</optional>
        </line>

        <line>Coating</line>

        <line><meas measure=".25">1/4 cup</meas> (50g) <ingredient what="Granulated Sugar"
                >granulated sugar</ingredient></line>
        <line>
            <meas>1 teaspoon</meas>
            <ingredient what="Cinnamon">cinnamon</ingredient>
        </line>
    </ingr>

    <Inst>
        <line>Instructions</line>

        <line step="1"><preHeat temp="375" increments="Farenheit">Preheat the oven to
            375°F</preHeat>. Lightly grease (or line with parchment) two baking sheets.</line>

        <line step="2"><action what="Beat">Beat together</action> the <ingredient
                what="Vegetable Shortening">shortening</ingredient>, <ingredient
                what="Granulated Sugar">sugar</ingredient>, <ingredient what="Salt"
                >salt</ingredient>, and <ingredient what="Salt">baking soda</ingredient>.</line>

        <line step="3"><action what="Beat">Beat</action> in the <ingredient what="Egg"
                >egg</ingredient>, then the <ingredient what="Molasses"
            >molasses</ingredient>.</line>

        <line step="4">Add the <ingredient what="All-Purpose Flour">flour</ingredient> and
                <ingredient what="Ginger | Cloves | Cinnamon">spices</ingredient>, <action
                what="Beat">beating</action> to make a smooth, <result res="Dough">fairly stiff
                dough</result>.</line>

        <line step="5">To make the coating, <action what="Mix">combine</action> the <ingredient
                what="Granulated Sugar">sugar</ingredient> and <ingredient what="Cinnamon"
                >cinnamon</ingredient>, and place in a shallow pan or dish.</line>

        <line step="6"><action what="Dropping">Drop the dough in 1" balls into the <result
                    res="Cinnamon-Sugar">cinnamon-sugar mixture</result></action>; a teaspoon cookie
            scoop is perfect here.</line>

        <line step="7"><action what="Rolling">Roll the balls in the sugar to coat</action>, then
                <action what="Transfer">transfer them to the prepared baking sheets</action>,
                <action what="Spacing">leaving at least 1 1/2" between them</action>; they'll spread
            as they bake.</line>

        <line step="8"><bake time="11" increments="Minutes" type="Chewy">Bake the cookies for 11
                minutes</bake>, for cookies that are crisp around the edges, and "bendy" in the
            center. <bake time="13" increments="Minutes" type="Crispy">Bake for 13 minutes</bake>,
            for cookies that are crisp/crunchy all the way through.</line>

        <line step="9">Remove the cookies from the oven, and cool right on the pan, or on a rack.
            Cool completely, then store tightly wrapped, at room temperature.</line>
    </Inst>
</Cookies>
